"type","code","message","context","selector"
"error","WCAG2AA.Principle4.Guideline4_1.4_1_1.F77","Duplicate id attribute value \"idward-plugin-js\" found on the web page.","<script async=\"\" src=\"https://static.anonymised.io/light/bundle.js?v=0.3.0t\" id=\"idward-plugin-js\" idw_client_id=\"NDIw\" idw_hide_button=\"true\" type=\"text/javascript\"></script>","#idward-plugin-js"
"error","WCAG2AA.Principle4.Guideline4_1.4_1_2.H91.Button.Name","This button element does not have a name available to an accessibility API. Valid names are: title undefined, element content, aria-label undefined, aria-labelledby undefined.","<button class=\"CybotCookiebotBannerCloseButton\" aria-label=\"\"><svg xmlns=\"http://www.w3.org/2...</button>","#CybotCookiebotDialogHeader > button"
"error","WCAG2AA.Principle1.Guideline1_4.1_4_3.G18.Fail","This element has insufficient contrast at this conformance level. Expected a contrast ratio of at least 4.5:1, but text in this element has a contrast ratio of 2.99:1. Recommendation:  change text colour to #c55400.","<a id=\"CybotCookiebotDialogBodyContentTextShowIABVendors\" href=\"#\">our 820 partners</a>","#CybotCookiebotDialogBodyContentTextShowIABVendors"
"error","WCAG2AA.Principle1.Guideline1_4.1_4_3.G18.Fail","This element has insufficient contrast at this conformance level. Expected a contrast ratio of at least 4.5:1, but text in this element has a contrast ratio of 2.99:1. Recommendation:  change text colour to #c55400.","<a id=\"CybotCookiebotDialogBodyContentTextToggleDetails\" href=\"#\">details section</a>","#CybotCookiebotDialogBodyContentTextToggleDetails"
"error","WCAG2AA.Principle3.Guideline3_2.3_2_2.H32.2","This form does not contain a submit button, which creates issues for those who cannot submit the form using the keyboard. Submit buttons are INPUT elements with type attribute \"submit\" or \"image\", or BUTTON elements with type \"submit\" or omitted/invalid.","<form><fieldset><legend class=\"visual...</form>","#CybotCookiebotDialogBodyLevelButtonsSelectPane > form"
"error","WCAG2AA.Principle3.Guideline3_2.3_2_2.H32.2","This form does not contain a submit button, which creates issues for those who cannot submit the form using the keyboard. Submit buttons are INPUT elements with type attribute \"submit\" or \"image\", or BUTTON elements with type \"submit\" or omitted/invalid.","<form><input type=\"checkbox\" id=\"Cybo...</form>","#CybotCookiebotDialogDetailBodyContentCookieContainerNecessaryCard > div:nth-child(1) > div > form"
"error","WCAG2AA.Principle3.Guideline3_2.3_2_2.H32.2","This form does not contain a submit button, which creates issues for those who cannot submit the form using the keyboard. Submit buttons are INPUT elements with type attribute \"submit\" or \"image\", or BUTTON elements with type \"submit\" or omitted/invalid.","<form><input type=\"checkbox\" id=\"Cybo...</form>","#CybotCookiebotDialogDetailBodyContentCookieContainerPreferenceCard > div:nth-child(1) > div > form"
"error","WCAG2AA.Principle3.Guideline3_2.3_2_2.H32.2","This form does not contain a submit button, which creates issues for those who cannot submit the form using the keyboard. Submit buttons are INPUT elements with type attribute \"submit\" or \"image\", or BUTTON elements with type \"submit\" or omitted/invalid.","<form><input type=\"checkbox\" id=\"Cybo...</form>","#CybotCookiebotDialogDetailBodyContentCookieContainerStatisticsCard > div:nth-child(1) > div > form"
"error","WCAG2AA.Principle3.Guideline3_2.3_2_2.H32.2","This form does not contain a submit button, which creates issues for those who cannot submit the form using the keyboard. Submit buttons are INPUT elements with type attribute \"submit\" or \"image\", or BUTTON elements with type \"submit\" or omitted/invalid.","<form><input type=\"checkbox\" id=\"Cybo...</form>","#CybotCookiebotDialogDetailBodyContentCookieContainerAdvertisingCard > div:nth-child(1) > div > form"
"error","WCAG2AA.Principle3.Guideline3_2.3_2_2.H32.2","This form does not contain a submit button, which creates issues for those who cannot submit the form using the keyboard. Submit buttons are INPUT elements with type attribute \"submit\" or \"image\", or BUTTON elements with type \"submit\" or omitted/invalid.","<form class=\"CybotCookiebotDialogBodyLevelButtonSliderWrapper\"><input type=\"checkbox\" id=\"Cybo...</form>","#CybotCookiebotDialogBodyButtons > div:nth-child(1) > form"
"error","WCAG2AA.Principle1.Guideline1_4.1_4_3.G18.Fail","This element has insufficient contrast at this conformance level. Expected a contrast ratio of at least 4.5:1, but text in this element has a contrast ratio of 2.99:1. Recommendation:  change background to #c55400.","<button id=\"CybotCookiebotDialogBodyLevelButtonLevelOptinAllowAll\" class=\"CybotCookiebotDialogBodyButton\" tabindex=\"0\" lang=\"en\">Allow all</button>","#CybotCookiebotDialogBodyLevelButtonLevelOptinAllowAll"
"error","WCAG2AA.Principle4.Guideline4_1.4_1_2.H91.Button.Name","This button element does not have a name available to an accessibility API. Valid names are: title undefined, element content, aria-label undefined, aria-labelledby undefined.","<button id=\"CybotCookiebotBannerCloseButtonE2E\" class=\"CybotCookiebotBannerCloseButton\" aria-label=\"\"><svg xmlns=\"http://www.w3.org/2...</button>","#CybotCookiebotBannerCloseButtonE2E"
"error","WCAG2AA.Principle2.Guideline2_4.2_4_1.G1,G123,G124.NoSuchID","This link points to a named anchor \"/portal/signin\" within the document, but no anchor exists with that name.","<a href=\"#/portal/signin\"><i class=\"fas fa-lock\" aria-hid...</a>","#sidebar_login > a"
"error","WCAG2AA.Principle2.Guideline2_4.2_4_1.G1,G123,G124.NoSuchID","This link points to a named anchor \"/portal/signup\" within the document, but no anchor exists with that name.","<a href=\"#/portal/signup\"><i class=\"fas fa-user-plus\" sty...</a>","#therace_menu_profile > a"
"error","WCAG2AA.Principle2.Guideline2_4.2_4_1.G1,G123,G124.NoSuchID","This link points to a named anchor \"/portal/signin\" within the document, but no anchor exists with that name.","<a href=\"#/portal/signin\"><i class=\"fas fa-lock\" aria-hid...</a>","#therace_menu_login > a"
"error","WCAG2AA.Principle4.Guideline4_1.4_1_2.H91.Button.Name","This button element does not have a name available to an accessibility API. Valid names are: title undefined, element content, aria-label undefined, aria-labelledby undefined.","<button type=\"button\" id=\"sidebarCollapse\" class=\"btn\">\n            <i class=\"fa-solid...</button>","#sidebarCollapse"
"error","WCAG2AA.Principle1.Guideline1_1.1_1_1.H30.2","Img element is the only content of the link, but is missing alt text. The alt text should describe the purpose of the link.","<a href=\"/motogp/motogp-new-team-trackhouse-launch-impression/\" style=\"background-position:center right;background-image:url('/content/images/size/w300/2023/12/d3946640-49f3-3a5f-75b4-1e6abc5f3329.jpg');display:block;background-color:#eeeeee;backgrou...","#therace_listing_v2 > div:nth-child(1) > div > div:nth-child(1) > div > div:nth-child(1) > a"
"error","WCAG2AA.Principle1.Guideline1_1.1_1_1.H30.2","Img element is the only content of the link, but is missing alt text. The alt text should describe the purpose of the link.","<a href=\"/motogp/ducati-big-2024-claim-gp24-gp23-marquez-bagnaia-bastianini/\" style=\"background-position:center right;background-image:url('/content/images/size/w300/2023/12/_1748_A1J0405_UC582634_High.jpg');display:block;background-color:#eeeeee;bac...","#therace_listing_v2 > div:nth-child(1) > div > div:nth-child(1) > div > div:nth-child(2) > a"
"error","WCAG2AA.Principle1.Guideline1_1.1_1_1.H30.2","Img element is the only content of the link, but is missing alt text. The alt text should describe the purpose of the link.","<a href=\"/motogp/aprilia-raul-fernandez-post-season-test-valencia-2024/\" style=\"background-position:center right;background-image:url('/content/images/size/w300/2023/12/1099091.jpg');display:block;background-color:#eeeeee;background-repeat:no-repeat;...","#therace_listing_v2 > div:nth-child(1) > div > div:nth-child(1) > div > div:nth-child(3) > a"
"error","WCAG2AA.Principle1.Guideline1_1.1_1_1.H30.2","Img element is the only content of the link, but is missing alt text. The alt text should describe the purpose of the link.","<a href=\"/formula-1/leclerc-mooted-ferrari-f1-new-mega-deal/\" style=\"background-position:center right;background-image:url('/content/images/size/w300/2023/12/fe40dd02-7c5a-4b66-b577-4ff50f168f87.jpg');display:block;background-color:#eeeeee;background...","#therace_listing_v2 > div:nth-child(1) > div > div:nth-child(1) > div > div:nth-child(4) > a"
"error","WCAG2AA.Principle1.Guideline1_1.1_1_1.H30.2","Img element is the only content of the link, but is missing alt text. The alt text should describe the purpose of the link.","<a href=\"/motogp/motogp-new-team-trackhouse-launch-impression/\" style=\"background-position:center right;background-image:url('/content/images/size/w600/2023/12/d3946640-49f3-3a5f-75b4-1e6abc5f3329.jpg');display:block;background-color:#eeeeee;backgrou...","#therace_listing_v1 > div > div > div:nth-child(1) > div:nth-child(1) > div:nth-child(1) > a"
"error","WCAG2AA.Principle1.Guideline1_1.1_1_1.H30.2","Img element is the only content of the link, but is missing alt text. The alt text should describe the purpose of the link.","<a href=\"/motogp/ducati-big-2024-claim-gp24-gp23-marquez-bagnaia-bastianini/\" style=\"background-position:center right;background-image:url('/content/images/size/w600/2023/12/_1748_A1J0405_UC582634_High.jpg');display:block;background-color:#eeeeee;bac...","#therace_listing_v1 > div > div > div:nth-child(1) > div:nth-child(2) > div:nth-child(1) > a"
"error","WCAG2AA.Principle1.Guideline1_1.1_1_1.H30.2","Img element is the only content of the link, but is missing alt text. The alt text should describe the purpose of the link.","<a href=\"/motogp/aprilia-raul-fernandez-post-season-test-valencia-2024/\" style=\"background-position:center right;background-image:url('/content/images/size/w600/2023/12/1099091.jpg');display:block;background-color:#eeeeee;background-repeat:no-repeat;...","#therace_listing_v1 > div > div > div:nth-child(1) > div:nth-child(3) > div:nth-child(1) > a"
"error","WCAG2AA.Principle1.Guideline1_1.1_1_1.H30.2","Img element is the only content of the link, but is missing alt text. The alt text should describe the purpose of the link.","<a href=\"/formula-1/leclerc-mooted-ferrari-f1-new-mega-deal/\" style=\"background-position:center right;background-image:url('/content/images/size/w600/2023/12/fe40dd02-7c5a-4b66-b577-4ff50f168f87.jpg');display:block;background-color:#eeeeee;background...","#therace_listing_v1 > div > div > div:nth-child(1) > div:nth-child(4) > div:nth-child(1) > a"
"error","WCAG2AA.Principle1.Guideline1_4.1_4_3.G145.Fail","This element has insufficient contrast at this conformance level. Expected a contrast ratio of at least 3:1, but text in this element has a contrast ratio of 2.79:1. Recommendation:  change text colour to #e26e18.","<h4>Latest Videos</h4>","#therace-content > div:nth-child(4) > div > div > div:nth-child(1) > div > div:nth-child(1) > h4"
"error","WCAG2AA.Principle4.Guideline4_1.4_1_2.H91.A.NoContent","Anchor element found with a valid href attribute, but no link content has been supplied.","<a class=\"yt_mask\" href=\"/formula-1/video-lewis-hamilton-self-doubt-mercedes-f1/\"></a>","#yt_player_0 > a"
"error","WCAG2AA.Principle1.Guideline1_1.1_1_1.H37","Img element missing an alt attribute. Use the alt attribute to specify a short text alternative.","<img class=\"video-base\" loading=\"lazy\" src=\"https://storage.googleapis.com/the-race-com.appspot.com/1/youtube-video-base.png\">","#yt_player_0 > div > div:nth-child(2) > img"
"error","WCAG2AA.Principle4.Guideline4_1.4_1_1.F77","Duplicate id attribute value \"yt_player_0\" found on the web page.","<div id=\"yt_player_0\" class=\"yt_wrapper\">\n    <a class=\"yt_mask\" href=\"/...</div>","#yt_player_0"
"error","WCAG2AA.Principle4.Guideline4_1.4_1_2.H91.A.NoContent","Anchor element found with a valid href attribute, but no link content has been supplied.","<a class=\"yt_mask\" href=\"/formula-1/loopholes-that-hurt-f1-racing-unlikely-to-be-fixed-before-2026/\"></a>","#yt_player_0 > a"
"error","WCAG2AA.Principle1.Guideline1_1.1_1_1.H37","Img element missing an alt attribute. Use the alt attribute to specify a short text alternative.","<img class=\"video-base\" loading=\"lazy\" src=\"https://storage.googleapis.com/the-race-com.appspot.com/1/youtube-video-base.png\">","#yt_player_0 > div > div:nth-child(2) > img"
"error","WCAG2AA.Principle4.Guideline4_1.4_1_1.F77","Duplicate id attribute value \"yt_player_0\" found on the web page.","<div id=\"yt_player_0\" class=\"yt_wrapper\">\n    <a class=\"yt_mask\" href=\"/...</div>","#yt_player_0"
"error","WCAG2AA.Principle4.Guideline4_1.4_1_2.H91.A.NoContent","Anchor element found with a valid href attribute, but no link content has been supplied.","<a class=\"yt_mask\" href=\"/formula-1/ferrari-sainz-las-vegas-grand-prix-damage-f1-payback/\"></a>","#yt_player_0 > a"
"error","WCAG2AA.Principle1.Guideline1_1.1_1_1.H37","Img element missing an alt attribute. Use the alt attribute to specify a short text alternative.","<img class=\"video-base\" loading=\"lazy\" src=\"https://storage.googleapis.com/the-race-com.appspot.com/1/youtube-video-base.png\">","#yt_player_0 > div > div:nth-child(2) > img"
"error","WCAG2AA.Principle4.Guideline4_1.4_1_1.F77","Duplicate id attribute value \"yt_player_0\" found on the web page.","<div id=\"yt_player_0\" class=\"yt_wrapper\">\n    <a class=\"yt_mask\" href=\"/...</div>","#yt_player_0"
"error","WCAG2AA.Principle4.Guideline4_1.4_1_2.H91.A.NoContent","Anchor element found with a valid href attribute, but no link content has been supplied.","<a class=\"yt_mask\" href=\"/formula-1/las-vegas-gp-critics-max-verstappen-video/\"></a>","#yt_player_0 > a"
"error","WCAG2AA.Principle1.Guideline1_1.1_1_1.H37","Img element missing an alt attribute. Use the alt attribute to specify a short text alternative.","<img class=\"video-base\" loading=\"lazy\" src=\"https://storage.googleapis.com/the-race-com.appspot.com/1/youtube-video-base.png\">","#yt_player_0 > div > div:nth-child(2) > img"
"error","WCAG2AA.Principle4.Guideline4_1.4_1_1.F77","Duplicate id attribute value \"yt_player_0\" found on the web page.","<div id=\"yt_player_0\" class=\"yt_wrapper\">\n    <a class=\"yt_mask\" href=\"/...</div>","#yt_player_0"
"error","WCAG2AA.Principle4.Guideline4_1.4_1_2.H91.A.NoContent","Anchor element found with a valid href attribute, but no link content has been supplied.","<a class=\"yt_mask\" href=\"/formula-1/video-brawn-gp-documentary-disney-keanu-reeves/\"></a>","#yt_player_0 > a"
"error","WCAG2AA.Principle1.Guideline1_1.1_1_1.H37","Img element missing an alt attribute. Use the alt attribute to specify a short text alternative.","<img class=\"video-base\" loading=\"lazy\" src=\"https://storage.googleapis.com/the-race-com.appspot.com/1/youtube-video-base.png\">","#yt_player_0 > div > div:nth-child(2) > img"
"error","WCAG2AA.Principle4.Guideline4_1.4_1_1.F77","Duplicate id attribute value \"yt_player_0\" found on the web page.","<div id=\"yt_player_0\" class=\"yt_wrapper\">\n    <a class=\"yt_mask\" href=\"/...</div>","#yt_player_0"
"error","WCAG2AA.Principle4.Guideline4_1.4_1_2.H91.A.NoContent","Anchor element found with a valid href attribute, but no link content has been supplied.","<a class=\"yt_mask\" href=\"/formula-1/andrettis-big-move-puts-f1-in-danger-of-looking-silly/\"></a>","#yt_player_0 > a"
"error","WCAG2AA.Principle1.Guideline1_1.1_1_1.H37","Img element missing an alt attribute. Use the alt attribute to specify a short text alternative.","<img class=\"video-base\" loading=\"lazy\" src=\"https://storage.googleapis.com/the-race-com.appspot.com/1/youtube-video-base.png\">","#yt_player_0 > div > div:nth-child(2) > img"
"error","WCAG2AA.Principle1.Guideline1_1.1_1_1.H37","Img element missing an alt attribute. Use the alt attribute to specify a short text alternative.","<img src=\"https://storage.googleapis.com/the-race-com.appspot.com/1/Icon-The-Race-Formula-1.png\">","#feed-block > div > div > div:nth-child(2) > div:nth-child(1) > div > div > img"
"error","WCAG2AA.Principle1.Guideline1_1.1_1_1.H37","Img element missing an alt attribute. Use the alt attribute to specify a short text alternative.","<img src=\"https://storage.googleapis.com/the-race-com.appspot.com/1/Icon-The-Race-F1-Tech-Show.png\">","#feed-block > div > div > div:nth-child(2) > div:nth-child(2) > div > div > img"
"error","WCAG2AA.Principle1.Guideline1_1.1_1_1.H37","Img element missing an alt attribute. Use the alt attribute to specify a short text alternative.","<img src=\"https://storage.googleapis.com/the-race-com.appspot.com/1/Icon-The-Race-Classic.png\">","#feed-block > div > div > div:nth-child(2) > div:nth-child(3) > div > div > img"
"error","WCAG2AA.Principle1.Guideline1_1.1_1_1.H37","Img element missing an alt attribute. Use the alt attribute to specify a short text alternative.","<img src=\"https://storage.googleapis.com/the-race-com.appspot.com/1/Icon-The-Race-MotoGP.png\">","#feed-block > div > div > div:nth-child(2) > div:nth-child(4) > div > div > img"
"error","WCAG2AA.Principle1.Guideline1_1.1_1_1.H37","Img element missing an alt attribute. Use the alt attribute to specify a short text alternative.","<img src=\"https://storage.googleapis.com/the-race-com.appspot.com/1/Icon-The-Race-IndyCar.png\">","#feed-block > div > div > div:nth-child(2) > div:nth-child(5) > div > div > img"
"error","WCAG2AA.Principle1.Guideline1_1.1_1_1.H37","Img element missing an alt attribute. Use the alt attribute to specify a short text alternative.","<img src=\"https://storage.googleapis.com/the-race-com.appspot.com/1/Icon-The-Race-Formula-E.png\">","#feed-block > div > div > div:nth-child(2) > div:nth-child(6) > div > div > img"
"error","WCAG2AA.Principle1.Guideline1_4.1_4_3.G18.Fail","This element has insufficient contrast at this conformance level. Expected a contrast ratio of at least 4.5:1, but text in this element has a contrast ratio of 2.99:1. Recommendation:  change background to #c55400.","<a href=\"/podcasts/\" class=\"action_link btn btn-secondary\" style=\"color:#ffffff !important\">View all our Podcast channels!</a>","#feed-block > div > div > div:nth-child(3) > a"
"error","WCAG2AA.Principle1.Guideline1_1.1_1_1.H30.2","Img element is the only content of the link, but is missing alt text. The alt text should describe the purpose of the link.","<a class=\"related_group_image\" href=\"/formula-1/leclerc-mooted-ferrari-f1-new-mega-deal/\" style=\"background-position:bottom center;background-image:url('/content/images/size/w600/2023/12/fe40dd02-7c5a-4b66-b577-4ff50f168f87.jpg');display:block;backgr...","#therace_related_a > div > div:nth-child(1) > div:nth-child(1) > a:nth-child(1)"
"error","WCAG2AA.Principle4.Guideline4_1.4_1_2.H91.A.NoContent","Anchor element found with a valid href attribute, but no link content has been supplied.","<a href=\"https://www.the-race.com/category/formula-1/\" rel=\"category tag\">\n</a>","#therace_related_a > div > div:nth-child(1) > div:nth-child(1) > a:nth-child(3)"
"error","WCAG2AA.Principle4.Guideline4_1.4_1_2.H91.A.NoContent","Anchor element found with a valid href attribute, but no link content has been supplied.","<a href=\"https://www.the-race.com/category/formula-1/\" rel=\"category tag\"></a>","#therace_related_a > div > div:nth-child(1) > div:nth-child(1) > h3 > a:nth-child(1)"
"error","WCAG2AA.Principle1.Guideline1_1.1_1_1.H30.2","Img element is the only content of the link, but is missing alt text. The alt text should describe the purpose of the link.","<a class=\"related_group_image\" href=\"/motogp/ducati-jilted-jorge-martin-again-2024/\" style=\"background-position:bottom center;background-image:url('/content/images/size/w600/2023/12/1097889.jpg');display:block;background-color:#eeeeee;\">\n  <img loadi...","#therace_related_a > div > div:nth-child(1) > div:nth-child(2) > a:nth-child(1)"
"error","WCAG2AA.Principle4.Guideline4_1.4_1_2.H91.A.NoContent","Anchor element found with a valid href attribute, but no link content has been supplied.","<a href=\"https://www.the-race.com/category/motogp/\" rel=\"category tag\">\n</a>","#therace_related_a > div > div:nth-child(1) > div:nth-child(2) > a:nth-child(3)"
"error","WCAG2AA.Principle4.Guideline4_1.4_1_2.H91.A.NoContent","Anchor element found with a valid href attribute, but no link content has been supplied.","<a href=\"https://www.the-race.com/category/motogp/\" rel=\"category tag\"></a>","#therace_related_a > div > div:nth-child(1) > div:nth-child(2) > h3 > a:nth-child(1)"
"error","WCAG2AA.Principle1.Guideline1_1.1_1_1.H30.2","Img element is the only content of the link, but is missing alt text. The alt text should describe the purpose of the link.","<a class=\"related_group_image\" href=\"/formula-1/nico-hulkenberg-kevin-magnussen-haas-f1-2023-reaction/\" style=\"background-position:bottom center;background-image:url('/content/images/size/w600/2023/12/XPB_1251522_HiRes.jpg');display:block;background-...","#therace_related_a > div > div:nth-child(1) > div:nth-child(3) > a:nth-child(1)"
"error","WCAG2AA.Principle4.Guideline4_1.4_1_2.H91.A.NoContent","Anchor element found with a valid href attribute, but no link content has been supplied.","<a href=\"https://www.the-race.com/category/formula-1/\" rel=\"category tag\">\n</a>","#therace_related_a > div > div:nth-child(1) > div:nth-child(3) > a:nth-child(3)"
"error","WCAG2AA.Principle4.Guideline4_1.4_1_2.H91.A.NoContent","Anchor element found with a valid href attribute, but no link content has been supplied.","<a href=\"https://www.the-race.com/category/formula-1/\" rel=\"category tag\"></a>","#therace_related_a > div > div:nth-child(1) > div:nth-child(3) > h3 > a:nth-child(1)"
"error","WCAG2AA.Principle1.Guideline1_1.1_1_1.H30.2","Img element is the only content of the link, but is missing alt text. The alt text should describe the purpose of the link.","<a class=\"related_group_image\" href=\"/motogp/maverick-vinales-motogp-ridiculed-test-king/\" style=\"background-position:bottom center;background-image:url('/content/images/size/w600/2023/12/1099369.jpg');display:block;background-color:#eeeeee;\">\n  <img...","#therace_related_a > div > div:nth-child(1) > div:nth-child(4) > a:nth-child(1)"
"error","WCAG2AA.Principle4.Guideline4_1.4_1_2.H91.A.NoContent","Anchor element found with a valid href attribute, but no link content has been supplied.","<a href=\"https://www.the-race.com/category/motogp/\" rel=\"category tag\">\n</a>","#therace_related_a > div > div:nth-child(1) > div:nth-child(4) > a:nth-child(3)"
"error","WCAG2AA.Principle4.Guideline4_1.4_1_2.H91.A.NoContent","Anchor element found with a valid href attribute, but no link content has been supplied.","<a href=\"https://www.the-race.com/category/motogp/\" rel=\"category tag\"></a>","#therace_related_a > div > div:nth-child(1) > div:nth-child(4) > h3 > a:nth-child(1)"
"error","WCAG2AA.Principle1.Guideline1_1.1_1_1.H30.2","Img element is the only content of the link, but is missing alt text. The alt text should describe the purpose of the link.","<a class=\"related_group_image\" href=\"/formula-1/ferrari-small-upgrade-charles-leclerc-2023-f1-season/\" style=\"background-position:bottom center;background-image:url('/content/images/size/w600/2023/12/XPB_1239719_HiRes.jpg');display:block;background-c...","#therace_related_a > div > div:nth-child(1) > div:nth-child(5) > a:nth-child(1)"
"error","WCAG2AA.Principle4.Guideline4_1.4_1_2.H91.A.NoContent","Anchor element found with a valid href attribute, but no link content has been supplied.","<a href=\"https://www.the-race.com/category/formula-1/\" rel=\"category tag\">\n</a>","#therace_related_a > div > div:nth-child(1) > div:nth-child(5) > a:nth-child(3)"
"error","WCAG2AA.Principle4.Guideline4_1.4_1_2.H91.A.NoContent","Anchor element found with a valid href attribute, but no link content has been supplied.","<a href=\"https://www.the-race.com/category/formula-1/\" rel=\"category tag\"></a>","#therace_related_a > div > div:nth-child(1) > div:nth-child(5) > h3 > a:nth-child(1)"
"error","WCAG2AA.Principle1.Guideline1_1.1_1_1.H30.2","Img element is the only content of the link, but is missing alt text. The alt text should describe the purpose of the link.","<a class=\"related_group_image\" href=\"/formula-1/williams-sargeant-choice-replacement-verdict-2024/\" style=\"background-position:bottom center;background-image:url('/content/images/size/w600/2023/12/WilliamsF1_110021_HiRes.jpg');display:block;backgroun...","#therace_related_a > div > div:nth-child(1) > div:nth-child(6) > a:nth-child(1)"
"error","WCAG2AA.Principle4.Guideline4_1.4_1_2.H91.A.NoContent","Anchor element found with a valid href attribute, but no link content has been supplied.","<a href=\"https://www.the-race.com/category/formula-1/\" rel=\"category tag\">\n</a>","#therace_related_a > div > div:nth-child(1) > div:nth-child(6) > a:nth-child(3)"
"error","WCAG2AA.Principle4.Guideline4_1.4_1_2.H91.A.NoContent","Anchor element found with a valid href attribute, but no link content has been supplied.","<a href=\"https://www.the-race.com/category/formula-1/\" rel=\"category tag\"></a>","#therace_related_a > div > div:nth-child(1) > div:nth-child(6) > h3 > a:nth-child(1)"
"error","WCAG2AA.Principle1.Guideline1_1.1_1_1.H30.2","Img element is the only content of the link, but is missing alt text. The alt text should describe the purpose of the link.","<a class=\"related_group_image\" href=\"/f1/f1-2024-grid-full-sargeant-williams-announcement/\" style=\"background-position:bottom center;background-image:url('/content/images/size/w600/2023/12/WilliamsF1_115017_HiRes-1.jpg');display:block;background-colo...","#therace_related_a > div > div:nth-child(1) > div:nth-child(7) > a:nth-child(1)"
"error","WCAG2AA.Principle4.Guideline4_1.4_1_2.H91.A.NoContent","Anchor element found with a valid href attribute, but no link content has been supplied.","<a href=\"https://www.the-race.com/category/f1/\" rel=\"category tag\">\n</a>","#therace_related_a > div > div:nth-child(1) > div:nth-child(7) > a:nth-child(3)"
"error","WCAG2AA.Principle4.Guideline4_1.4_1_2.H91.A.NoContent","Anchor element found with a valid href attribute, but no link content has been supplied.","<a href=\"https://www.the-race.com/category/f1/\" rel=\"category tag\"></a>","#therace_related_a > div > div:nth-child(1) > div:nth-child(7) > h3 > a:nth-child(1)"
"error","WCAG2AA.Principle1.Guideline1_1.1_1_1.H30.2","Img element is the only content of the link, but is missing alt text. The alt text should describe the purpose of the link.","<a class=\"related_group_image\" href=\"/formula-e/envision-robin-frijns-unlikely-formula-e-reunion-2024/\" style=\"background-position:bottom center;background-image:url('/content/images/size/w600/2023/12/Spacesuit-Media-Peter-Minnig-316087.jpg');display...","#therace_related_a > div > div:nth-child(1) > div:nth-child(8) > a:nth-child(1)"
"error","WCAG2AA.Principle4.Guideline4_1.4_1_2.H91.A.NoContent","Anchor element found with a valid href attribute, but no link content has been supplied.","<a href=\"https://www.the-race.com/category/formula-e/\" rel=\"category tag\">\n</a>","#therace_related_a > div > div:nth-child(1) > div:nth-child(8) > a:nth-child(3)"
"error","WCAG2AA.Principle4.Guideline4_1.4_1_2.H91.A.NoContent","Anchor element found with a valid href attribute, but no link content has been supplied.","<a href=\"https://www.the-race.com/category/formula-e/\" rel=\"category tag\"></a>","#therace_related_a > div > div:nth-child(1) > div:nth-child(8) > h3 > a:nth-child(1)"
"error","WCAG2AA.Principle1.Guideline1_1.1_1_1.H37","Img element missing an alt attribute. Use the alt attribute to specify a short text alternative.","<img style=\"max-width:115px;\" src=\"https://storage.googleapis.com/the-race-com.appspot.com/1/ajax-loader-balls.gif\">","#therace_related_a > div > div:nth-child(2) > div:nth-child(2) > div > img"
"error","WCAG2AA.Principle1.Guideline1_4.1_4_3.G145.Fail","This element has insufficient contrast at this conformance level. Expected a contrast ratio of at least 3:1, but text in this element has a contrast ratio of 2.99:1. Recommendation:  change text colour to #e8741e.","<h4>Latest</h4>","#therace_trend_read > div > div > div:nth-child(1) > div > h4"
"error","WCAG2AA.Principle4.Guideline4_1.4_1_2.H91.A.NoContent","Anchor element found with a valid href attribute, but no link content has been supplied.","<a href=\"https://www.facebook.com/wearetherace\" target=\"_blank\"><i class=\"fab fa-facebook\" aria...</a>","#footer_social > span:nth-child(1) > a"
"error","WCAG2AA.Principle4.Guideline4_1.4_1_2.H91.A.NoContent","Anchor element found with a valid href attribute, but no link content has been supplied.","<a href=\"https://twitter.com/wearetherace\" target=\"_blank\"><i class=\"fab fa-twitter\" aria-...</a>","#footer_social > span:nth-child(2) > a"
"error","WCAG2AA.Principle4.Guideline4_1.4_1_2.H91.A.NoContent","Anchor element found with a valid href attribute, but no link content has been supplied.","<a href=\"https://www.instagram.com/wearetherace/\" target=\"_blank\"><i class=\"fab fa-instagram\" ari...</a>","#footer_social > span:nth-child(3) > a"
"error","WCAG2AA.Principle4.Guideline4_1.4_1_2.H91.A.NoContent","Anchor element found with a valid href attribute, but no link content has been supplied.","<a href=\"https://podcasts.apple.com/us/podcast/the-race-f1-podcast/id1495557562\" target=\"_blank\"><i class=\"fas fa-podcast\" aria-...</a>","#footer_social > span:nth-child(4) > a"
"error","WCAG2AA.Principle4.Guideline4_1.4_1_2.H91.A.NoContent","Anchor element found with a valid href attribute, but no link content has been supplied.","<a href=\"https://www.youtube.com/channel/UCaTxfj0BzL-MaCy-YUqPRoQ\" target=\"_blank\"><i class=\"fab fa-youtube\" aria-...</a>","#footer_social > span:nth-child(5) > a"
"error","WCAG2AA.Principle2.Guideline2_4.2_4_1.H64.1","Iframe element requires a non-empty title attribute that identifies the frame.","<iframe name=\"__tcfapiLocator\" style=\"display: none;\"></iframe>","html > body > iframe:nth-child(5)"
"error","WCAG2AA.Principle1.Guideline1_1.1_1_1.H37","Img element missing an alt attribute. Use the alt attribute to specify a short text alternative.","<img id=\"CookiebotSessionPixel\" src=\"https://imgsct.cookiebot.com/1.gif?dgi=b553f39d-f54f-4f8d-bf23-a45a6877d114\" data-cookieconsent=\"ignore\" style=\"display: none;\">","#CookiebotSessionPixel"
"error","WCAG2AA.Principle1.Guideline1_4.1_4_3.G18.Fail","This element has insufficient contrast at this conformance level. Expected a contrast ratio of at least 4.5:1, but text in this element has a contrast ratio of 2.99:1. Recommendation:  change text colour to #c55400.","<a id=\"CybotCookiebotDialogNavDeclaration\" class=\"CybotCookiebotDialogNavItemLink CybotCookiebotDialogActive\" href=\"#\" data-target=\"CybotCookiebotDialogBody\" tabindex=\"0\" role=\"tab\" aria-selected=\"true\" lang=\"en\">Consent</a>","#CybotCookiebotDialogNavDeclaration"
